{
  "project_info": {
    "project_number": "634393868696",
    "firebase_url": "https://myvehicle2-1e00d.firebaseio.com",
    "project_id": "myvehicle2-1e00d",
    "storage_bucket": "myvehicle2-1e00d.appspot.com"
  },
  "client": [
    {
      "client_info": {
        "mobilesdk_app_id": "1:634393868696:android:42d6dc22c2d67c69",
        "android_client_info": {
          "package_name": "com.grace.customer"
        }
      },
      "oauth_client": [
        {
          "client_id": "634393868696-ic4kse66o2q7helkipa25a5ae3rlh3un.apps.googleusercontent.com",
          "client_type": 3
        }
      ],
      "api_key": [
        {
          "current_key": "AIzaSyBY-uhDc62K_rf8sRS_faPYjwrtbvGFhzE"
        }
      ],
      "services": {
        "appinvite_service": {
          "other_platform_oauth_client": [
            {
              "client_id": "634393868696-ic4kse66o2q7helkipa25a5ae3rlh3un.apps.googleusercontent.com",
              "client_type": 3
            }
          ]
        }
      }
    },
    {
      "client_info": {
        "mobilesdk_app_id": "1:634393868696:android:5c893d5339be0dc3",
        "android_client_info": {
          "package_name": "com.grace.myvehicle"
        }
      },
      "oauth_client": [
        {
          "client_id": "634393868696-orppa555bc2po1omn1lpqdmhn80om5r5.apps.googleusercontent.com",
          "client_type": 1,
          "android_info": {
            "package_name": "com.grace.myvehicle",
            "certificate_hash": "4402fb1479436774f0b07318d91cf351cf35ebfb"
          }
        },
        {
          "client_id": "634393868696-ic4kse66o2q7helkipa25a5ae3rlh3un.apps.googleusercontent.com",
          "client_type": 3
        }
      ],
      "api_key": [
        {
          "current_key": "AIzaSyBY-uhDc62K_rf8sRS_faPYjwrtbvGFhzE"
        }
      ],
      "services": {
        "appinvite_service": {
          "other_platform_oauth_client": [
            {
              "client_id": "634393868696-ic4kse66o2q7helkipa25a5ae3rlh3un.apps.googleusercontent.com",
              "client_type": 3
            }
          ]
        }
      }
    }
  ],
  "configuration_version": "1"
}